{"spot_diameter_fullres": 130.15841600880097, "tissue_hires_scalef": 0.12112403, "fiducial_diameter_fullres": 210.25590278344774, "tissue_lowres_scalef": 0.036337208}