{"spot_diameter_fullres": 130.15207564120408, "tissue_hires_scalef": 0.12112403, "fiducial_diameter_fullres": 210.24566065117583, "tissue_lowres_scalef": 0.036337208}