{"spot_diameter_fullres": 130.2320992627276, "tissue_hires_scalef": 0.12207031, "fiducial_diameter_fullres": 210.37492957825225, "tissue_lowres_scalef": 0.036621094}